"id","Value","area","ratio","rValue"
1,49771352,0.00155548810546315,0.0248878096874104,1238699.93646111
2,116847008,0.0269326896879488,0.430923035007181,50352067.3188683
3,52053580,0.0020729212255488,0.0331667396087808,1726447.53356484
4,75196360,0.00706764333865745,0.113082293418519,8503376.8455246
