"id","Value","area","ratio","rValue"
1,36829480,0.00155548810546315,0.0248878096874104,916605.089126286
2,74734736,0.0269326896879488,0.430923035007181,32204919.2575804
3,29771364,0.0020729212255488,0.0331667396087808,987419.07758623
4,44625536,0.00706764333865745,0.113082293418519,5046357.95591069
