"id","Value","area","ratio","rValue"
1,41518204,0.00155548810546315,0.0248878096874104,1033297.15971508
2,96183128,0.0269326896879488,0.430923035007181,41447525.4342441
3,41279096,0.0020729212255488,0.0331667396087808,1369093.02831786
4,60454580,0.00706764333865745,0.113082293418519,6836342.55405334
