"id","Value","area","ratio","rValue"
1,20334680,0.00155548810546315,0.0248878096874104,506085.64589439
2,41721276,0.0269326896879488,0.430923035007181,17978658.8782922
3,15065791,0.0020729212255488,0.0331667396087808,499683.167097313
4,23675584,0.00706764333865745,0.113082293418519,2677289.3367428
