"id","Value","area","ratio","rValue"
1,89144.4609375,0.000385283104668274,0.00616452967469238,549.533674783675
2,2519104.25,0.0115457599568888,0.18473215931022,465359.567630053
3,3392393.75,0.0527242963190299,0.843588741104478,2861785.1728932
4,715401.0625,0.02129700792601,0.34075212681616,243774.433573415
5,4206904,0.00393885995606259,0.0630217592970014,265126.491273592
6,916922.5625,0.0035558889279486,0.0568942228471775,52167.5966044801
