"id","Value","area","ratio","rValue"
1,257685.328125,0.000385283104668274,0.00616452967469238,1588.50885195941
2,5526160,0.0115457599568888,0.18473215931022,1020859.46949377
3,7044056,0.0527242963190299,0.843588741104478,5942286.33330944
4,1518987.625,0.02129700792601,0.34075212681616,517598.263826177
5,8192081.5,0.00393885995606259,0.0630217592970014,516279.388434418
6,1876898.75,0.0035558889279486,0.0568942228471775,106784.695744089
