"id","Value","area","ratio","rValue"
1,46226.16796875,0.000385283104668274,0.00616452967469238,284.962584190674
2,1419680.5,0.0115457599568888,0.18473215931022,262260.644295613
3,1895691.125,0.0527242963190299,0.843588741104478,1599183.68966168
4,389261.59375,0.02129700792601,0.34075212681616,132641.71595816
5,2329946.25,0.00393885995606259,0.0630217592970014,146837.311742451
6,526073.1875,0.0035558889279486,0.0568942228471775,29930.52516355
