"id","Value","area","ratio","rValue"
1,194260,0.000385283104668274,0.00616452967469238,1197.52153460574
2,4681274,0.0115457599568888,0.18473215931022,864781.854342793
3,6106743.5,0.0527242963190299,0.843588741104478,5151580.06141295
4,1299805.125,0.02129700792601,0.34075212681616,442911.360790294
5,7481604.5,0.00393885995606259,0.0630217592970014,471503.877954362
6,1669458.75,0.0035558889279486,0.0568942228471775,94982.5581566704
