"id","Value","area","ratio","rValue"
1,0,0.00571134891849667,0.0913815826959467,0
2,0,0.0411405344014803,0.658248550423685,0
3,0,0.0259747652989881,0.415596244783809,0
4,0,0.0150113896835879,0.240182234937407,0
5,0,0.0171312565615242,0.274100104984387,0
6,0,0.0235193151074974,0.376309041719958,0
7,0,0.000394561969357043,0.00631299150971269,0
8,0,0.000220378064301451,0.00352604902882322,0
9,0,0.00538124226121185,0.0860998761793896,0
