"id","Value","area","ratio","rValue"
1,149496432,0.00473794909726929,0.0758071855563086,11332903.7606301
2,293977568,0.0242171326254187,0.3874741220067,113908700.050465
3,288819136,1.78417460655278e-05,0.000285467937048445,82448.6029340343
4,150272512,0.0235787216005548,0.377259545608876,56691739.5946244
5,296197952,0.0602863314449858,0.964581303119773,285707006.521568
6,298977056,0.0154990832988004,0.247985332780806,74141924.7259858
7,146343328,0.00992509719621631,0.158801555139461,23239548.0706842
8,153535600,0.00037292004439379,0.00596672071030064,916104.044288435
