"id","Value","area","ratio","rValue"
1,104514056,0.00473794909726929,0.0758071855563086,7922916.43643443
2,229426768,0.0242171326254187,0.3874741220067,88896935.4956348
3,224491168,1.78417460655278e-05,0.000285467937048445,64085.0306145559
4,104994600,0.0235787216005548,0.377259545608876,39610215.0873857
5,230913792,0.0602863314449858,0.964581303119773,222735126.395688
6,232705888,0.0154990832988004,0.247985332780806,57707647.0757331
7,101832280,0.00992509719621631,0.158801555139461,16171124.427397
8,106938256,0.00037292004439379,0.00596672071030064,638070.706798632
