"id","Value","area","ratio","rValue"
1,167275136,0.00143831786941351,0.0230130859106162,3849517.07547801
2,163901776,0.0363990137603529,0.582384220165646,95453807.9995244
