"id","Value","area","ratio","rValue"
1,137380400,0.00143831786941351,0.0230130859106162,3161546.94763482
2,133706232,0.0363990137603529,0.582384220165646,77868399.654607
