"id","Value","area","ratio","rValue"
1,180439264,0.00143831786941351,0.0230130859106162,4152464.28408036
2,177345456,0.0363990137603529,0.582384220165646,103283195.092481
