"id","Value","area","ratio","rValue"
1,100294904,0.00143831786941351,0.0230130859106162,2308095.242149
2,95658616,0.0363990137603529,0.582384220165646,55710068.481285
