"id","Value","area","ratio","rValue"
1,3844997,0.01405806807592,0.224929089214719,864851.673243328
2,4227994.5,0.0515741222932236,0.825185956691578,3488881.68636923
3,10213273,0.0282816781844231,0.45250685095077,4621576.00313052
4,6548510.5,0.0505829300295242,0.809326880472387,5299885.57470567
5,5304007.5,0.0616426544557865,0.986282471292583,5231249.6248544
6,3369995.5,0.0614993690759603,0.983989905215364,3316041.5526212
7,1807252.125,0.0543130314289589,0.869008502863343,1570517.46344285
8,2262462.25,0.0527701804230863,0.84432288676938,1910248.65812675
