"id","Value","area","ratio","rValue"
1,16453429,0.000263320383507614,0.00421312613612182,69320.3717487247
2,13376801,0.0250341355395335,0.400546168632536,5358026.38910988
3,8027047.5,0.000823873170491079,0.0131819707278573,105812.30517612
4,19515502,6.54923237207057e-05,0.00104787717953129,20449.8491928973
5,14776381,0.0195198917399377,0.312318267839003,4614933.71884916
6,5512425,4.31825816305962e-07,6.90921306089539e-06,38.0865188072063
7,3539089.5,1.30586990161842e-05,0.000208939184258947,739.454473149406
