"id","Value","area","ratio","rValue"
1,17872358,0.000263320383507614,0.00421312613612182,75298.4986039259
2,14453721,0.0250341355395335,0.400546168632536,5789382.56903363
3,9073650,0.000823873170491079,0.0131819707278573,119608.588694822
4,21299564,6.54923237207057e-05,0.00104787717953129,22319.3270495662
5,16346224,0.0195198917399377,0.312318267839003,5105224.36538834
6,6446681,4.31825816305962e-07,6.90921306089539e-06,44.5414925646261
7,4218866.5,1.30586990161842e-05,0.000208939184258947,881.4865250074
