"id","Value","area","ratio","rValue"
1,5738921.5,0.000263320383507614,0.00421312613612182,24178.8001648014
2,4414547.5,0.0250341355395335,0.400546168632536,1768230.08737134
3,2324932.25,0.000823873170491079,0.0131819707278573,30647.1888637513
4,7263868,6.54923237207057e-05,0.00104787717953129,7611.6415123276
5,5013310.5,0.0195198917399377,0.312318267839003,1565748.45149909
6,1783110.25,4.31825816305962e-07,6.90921306089539e-06,12.3198886283164
7,1015958.1875,1.30586990161842e-05,0.000208939184258947,212.273474937449
