"id","Value","area","ratio","rValue"
1,11174482,0.000263320383507614,0.00421312613612182,47079.5021718228
2,9034983,0.0250341355395335,0.400546168632536,3618927.8243101
3,5374215.5,0.000823873170491079,0.0131819707278573,70842.7514061968
4,13580547,6.54923237207057e-05,0.00104787717953129,14230.7452868521
5,9931079,0.0195198917399377,0.312318267839003,3101657.3910523
6,3645296.5,4.31825816305962e-07,6.90921306089539e-06,25.1861301886362
7,2249408.75,1.30586990161842e-05,0.000208939184258947,469.989629289938
