"id","Value","area","ratio","rValue"
1,1931465.25,0.001070506135655,0.0171280981704801,33082.3264148708
2,7065984,0.034338355293427,0.549413684694832,3882148.30543473
