"id","Value","area","ratio","rValue"
1,10386351,0.001070506135655,0.0171280981704801,177898.439561064
2,28630594,0.034338355293427,0.549413684694832,15730040.1445418
