"id","Value","area","ratio","rValue"
1,3442735.25,0.001070506135655,0.0171280981704801,58967.5073369722
2,12812655,0.034338355293427,0.549413684694832,7039447.99427367
