"id","Value","area","ratio","rValue"
1,8217524.5,0.001070506135655,0.0171280981704801,140750.566354325
2,23728428,0.034338355293427,0.549413684694832,13036723.059496
