"id","Value","area","ratio","rValue"
1,18829374,0.00256337944232477,0.0410140710771963,772269.283575112
2,10641443,0.0181773147750603,0.290837036400964,3094925.74514979
