"id","Value","area","ratio","rValue"
1,11972702,0.00256337944232477,0.0410140710771963,491049.25081409
2,6626451,0.0181773147750603,0.290837036400964,1927217.37069621
