"id","Value","area","ratio","rValue"
1,26070666,0.00256337944232477,0.0410140710771963,1069264.14835384
2,15246949,0.0181773147750603,0.290837036400964,4434377.46131664
