"id","Value","area","ratio","rValue"
1,28305218,0.00256337944232477,0.0410140710771963,1160912.22290754
2,16638021,0.0181773147750603,0.290837036400964,4838952.71921701
