"id","Value","area","ratio","rValue"
1,265688096,0.0025766403454994,0.0412262455279905,10953322.6795603
2,250115984,0.041547448834464,0.664759181351424,166266896.766746
3,175954656,0.0481255980276178,0.770009568441885,135486768.7319
4,167050896,0.0256249581370291,0.409999330192466,68490755.4680514
5,142917088,0.000621272987692625,0.00994036780308199,1420648.42006544
6,132403048,0.0534417897640844,0.85506863622535,113213693.68544
7,127179720,0.0597551917115735,0.956083067385177,121594376.806788
8,138509136,0.0381138050316181,0.60982088050589,84465763.27363
9,163433056,0.000865614668845337,0.0138498347015254,2263520.81036514
