"id","Value","area","ratio","rValue"
1,191044528,0.00796841360149437,0.12749461762391,24357149.0465003
2,120630048,7.48889718559594e-05,0.00119822354969535,144541.764314481
