"id","Value","area","ratio","rValue"
1,145155248,0.00796841360149437,0.12749461762391,18506512.8398638
2,89348272,7.48889718559594e-05,0.00119822354969535,107059.203634986
