"id","Value","area","ratio","rValue"
1,244975280,0.00796841360149437,0.12749461762391,31233029.6509102
2,152527296,7.48889718559594e-05,0.00119822354969535,182761.798038553
