"id","Value","area","ratio","rValue"
1,273593504,0.00796841360149437,0.12749461762391,34881699.1768657
2,166586992,7.48889718559594e-05,0.00119822354969535,199608.456887311
