"id","Value","area","ratio","rValue"
1,5870124,0.0051582807692562,0.0825324923080992,484475.963877589
2,3343065.75,0.0190530595243632,0.304848952389812,1019130.09165776
3,1617875.25,0.0030234494876521,0.0483751918024336,78265.0255311602
4,7886850,0.00782092593873293,0.125134815019727,986919.515838333
5,9136958,0.0458761323352979,0.734018117364767,6706692.70960095
6,1065296.125,0.0150231635609863,0.24037061697578,256065.886828158
7,1619939.125,0.0080347696578081,0.12855631452493,208253.403664739
8,4244394.5,0.0308442312924153,0.493507700678645,2094641.37046809
