"id","Value","area","ratio","rValue"
1,1060036.875,0.0051582807692562,0.0825324923080992,87487.485232239
2,510861.15625,0.0190530595243632,0.304848952389812,155735.48829946
3,220306.59375,0.0030234494876521,0.0483751918024336,10657.3737279971
4,1398072.5,0.00782092593873293,0.125134815019727,174947.543671667
5,1653817.5,0.0458761323352979,0.734018117364767,1213932.00781491
6,71668.6640625,0.0150231635609863,0.24037061697578,17227.040998533
7,102297.984375,0.0080347696578081,0.12855631452493,13151.0518545788
8,460340.96875,0.0308442312924153,0.493507700678645,227181.813015993
