"id","Value","area","ratio","rValue"
1,4529094.5,0.0051582807692562,0.0825324923080992,373797.456983905
2,2604042.75,0.0190530595243632,0.304848952389812,793839.704315785
3,1294727.25,0.0030234494876521,0.0483751918024336,62632.6790505874
4,5833860.5,0.00782092593873293,0.125134815019727,730019.054518391
5,7198086.5,0.0458761323352979,0.734018117364767,5283525.90135875
6,1044804.5625,0.0150231635609863,0.24037061697578,251140.317307235
7,1364225.875,0.0080347696578081,0.12855631452493,175379.850669547
8,3338763.25,0.0308442312924153,0.493507700678645,1647705.37461786
