"id","Value","area","ratio","rValue"
1,1965392,0.0051582807692562,0.0825324923080992,162208.7001224
2,968657.5,0.0190530595243632,0.304848952389812,295294.224099534
3,438144.1875,0.0030234494876521,0.0483751918024336,21195.3091074339
4,1897434.875,0.00782092593873293,0.125134815019727,237435.162095104
5,2933996.5,0.0458761323352979,0.734018117364767,2153606.58728482
6,119168.9921875,0.0150231635609863,0.24037061697578,28644.7241764913
7,70275.3671875,0.0080347696578081,0.12855631452493,9034.34220751117
8,562202.9375,0.0308442312924153,0.493507700678645,277451.479000405
