"id","Value","area","ratio","rValue"
1,4670672.5,0.0161780653120285,0.258849044992457,1208999.11609753
2,3427478.75,0.00407494668628677,0.0651991469805883,223468.690794093
3,2942505.5,0.00637054541507548,0.101928726641208,299925.83874975
4,3709264,0.0432181928224491,0.691491085159186,2564922.9885019
5,2927428.5,0.0475046321611523,0.760074114578436,2225062.62512918
6,1687354.75,0.0344223056818754,0.550756890910007,929322.255972232
7,7317856.5,3.93783825325752e-06,6.30054120521203e-05,461.064564120787
8,9863425,0.000588364255883034,0.00941382809412854,92852.5873693298
