"id","Value","area","ratio","rValue"
1,9359525,0.0161780653120285,0.258849044992457,2422704.10783302
2,6684524,0.00407494668628677,0.0651991469805883,435825.26277127
3,5762870,0.00637054541507548,0.101928726641208,587402.000898816
4,7591540.5,0.0432181928224491,0.691491085159186,5249482.57837491
5,5987134,0.0475046321611523,0.760074114578436,4550665.57391245
6,3219278.25,0.0344223056818754,0.550756890910007,1773039.67994421
7,14202823,3.93783825325752e-06,6.30054120521203e-05,894.854715418331
8,19389942,0.000588364255883034,0.00941382809412854,182533.580743123
