"id","Value","area","ratio","rValue"
1,130411216,0.0084470999563365,0.135153599301384,17625545.2316702
