"id","Value","area","ratio","rValue"
1,151079664,0.0084470999563365,0.135153599301384,20418960.3708437
