"id","Value","area","ratio","rValue"
1,159372720,0.0084470999563365,0.135153599301384,21539796.7384517
