"id","Value","area","ratio","rValue"
1,110571376,0.0084470999563365,0.135153599301384,14944119.4461067
