"id","Value","area","ratio","rValue"
1,123629184,0.00544705723420617,0.0871529157472987,10774643.8570593
2,107036024,0.0027345548856601,0.0437528781705616,4683134.11793331
3,172026272,0.0266324780240354,0.426119648384566,73303774.5375478
4,149281136,0.043145699997287,0.690331199956592,103053425.745763
5,178678400,0.0336777605147368,0.538844168235788,96279813.8297014
6,155134448,0.0230475696507678,0.368761114412285,57207551.9282147
7,126542632,9.63243826888682e-05,0.00154119012302189,195026.254579594
