"id","Value","area","ratio","rValue"
1,75118208,0.00544705723420617,0.0871529157472987,6546770.85291206
2,64092572,0.0027345548856601,0.0437528781705616,2804234.49435395
3,109973640,0.0266324780240354,0.426119648384566,46861928.8083709
4,93944128,0.043145699997287,0.690331199956592,64852562.6111156
5,114809840,0.0336777605147368,0.538844168235788,61864612.7400839
6,97555608,0.0230475696507678,0.368761114412285,35974714.7232481
7,79138032,9.63243826888682e-05,0.00154119012302189,121966.75327379
