"id","Value","area","ratio","rValue"
1,219049088,0.00544705723420617,0.0871529157472987,19090766.7109866
2,196519456,0.0027345548856601,0.0437528781705616,8598291.81651305
3,299880768,0.0266324780240354,0.426119648384566,127785087.417454
4,268925536,0.043145699997287,0.690331199956592,185647687.96585
5,305423552,0.0336777605147368,0.538844168235788,164575699.83706
6,273251776,0.0230475696507678,0.368761114412285,100764629.432896
7,219866512,9.63243826888682e-05,0.00154119012302189,338856.096677674
